{
  "start_time": 1753942312.4103458,
  "total_tasks": 300,
  "total_modes": 4,
  "completed_tasks": 1200,
  "failed_tasks": 0,
  "mode_progress": {
    "bugfixing": {
      "start_time": 1753942312.4528527,
      "completed": 300,
      "failed": 0,
      "total": 300,
      "end_time": 1754037721.8971202,
      "total_time": 95409.44426846504
    },
    "testgen": {
      "start_time": 1754037721.8974333,
      "completed": 300,
      "failed": 0,
      "total": 300,
      "end_time": 1754094901.1090162,
      "total_time": 57179.21158361435
    },
    "stylereview": {
      "start_time": 1754094901.1091392,
      "completed": 300,
      "failed": 0,
      "total": 300,
      "end_time": 1754171209.2430382,
      "total_time": 76308.13389992714
    },
    "codereview": {
      "start_time": 1754171209.2433803,
      "completed": 300,
      "failed": 0,
      "total": 300,
      "end_time": 1754243626.9185126,
      "total_time": 72417.67513298988
    }
  },
  "end_time": 1754243626.9186084,
  "total_time": 301314.5082631111
}